Index,Customer Id,First Name,Last Name,Company,City,Country,Phone,Email,Subscription Date,Website
1,DD37Cf93aecA6Dc,Sheryl,Baxter,Rasmussen Group,East Leonard,Chile,7878457845,zunigavanessa@smith.info,2020-08-24,http://www.stephenson.com/
2,1Ef7b82A4CAAD10,Preston,Lozano,Vega-Gentry,East Jimmychester,Djibouti,964554523,,2021-04-23,http://www.hobbs.com/
3,6F94879bDAfE5a6,Roy,Berry,Murillo-Perry,Isabelborough,Antigua and Barbuda,859578462,beckycarr@hogan.com,2020-03-25,http://www.lawrence.com/
4,5Cef8BFA16c5e3c,Linda,Olsen,"Dominguez, Mcmillan and Donovan",Bensonview,Dominican Republic,,stanleyblackwell@benson,2020-06-02,http://www.good-lyons.com/
5,053d585Ab6b3159,Joanna,Bender,"Martin, Lang and Andrade",West Priscilla,Slovakia (Slovak Republic),7898458595,colinalvarado@miles,2021-04-17,https://goodwin-ingram.com/
6,2d08FB17EE273F4,Aimee,Downs,Steele Group,Chavezborough,Bosnia and Herzegovina,7812454545,louis27@gilbert.com,2020-02-25,http://www.berger.net/
7,6F94879bDAfE5a6,Roy,Berry,Murillo-Perry,Isabelborough,Antigua and Barbuda,859578462,beckycarr@hogan.com,2020-03-25,http://www.lawrence.com/
8,5Cef8BFA16c5e3c,Linda,Olsen,"Dominguez, Mcmillan and Donovan",Bensonview,Dominican Republic,8798655432,stanleyblackwell@benson.org,2020-06-02,http://www.good-lyons.com/
9,053d585Ab6b3159,Joanna,Bender,"Martin, Lang and Andrade",West Priscilla,Slovakia (Slovak Republic),7898458595,colinalvarado@miles.com,2021-04-17,https://goodwin-ingram.com/
10,2d08FB17EE273F4,Aimee,Downs,Steele Group,Chavezborough,Bosnia and Herzegovina,,louis27@gilbert.com,2020-02-25,http://www.berger.net/
